
use webtbdt
INSERT INTO product (id, name, category_id, available, quantity, price, description) VALUES
	(1, 'Toshiba Inverter 180 lít GR-B22VU UKG', 1, 0, 20, 5690000, 'Màu sắc sang trọng, thiết kế nhỏ gọn\r\nVới kiểu tủ ngăn đá trên, chiếc tủ lạnh Toshiba Inverter 180 lít GR-B22VU UKG được thiết kế nhỏ gọn nhưng vẫn toát lên vẻ đẹp hiện đại bởi tông màu đen tuyền sang trọng. Dễ dàng đặt ở bất kì vị trí nào trong nhà, từ phòng khách đến phòng bếp.\r\nSiêu tiết kiệm điện với công nghệ biến tần Inverter\r\nNhờ có sự hỗ trợ của công nghệ biến tần Inverter, tủ lạnh Toshiba GR-B22VU UKG sẽ giúp bạn bớt lo lắng về tiền điện mỗi tháng, vì mang lại khả năng tiết kiệm điện hiệu quả so với tủ lạnh thông thường.\r\nCông nghệ biến tần này sẽ kiểm soát sự hoạt động của máy nén giúp duy trì nhiệt độ bên trong tủ và hạn chế tiếng ồn đến mức tối đa.\r\nBảo quản lạnh thực phẩm toàn diện nhờ hệ thống khí lạnh vòng cung\r\nCông nghệ làm lạnh thực phẩm bằng luồng khí vòng cung giúp hơi lạnh được lưu chuyển đến mọi ngóc ngách trong tủ lạnh cũng như khắc phục được tình trạng thực phẩm bị đông đá (do quá lạnh) hay bị hư hao (do thiếu độ lạnh).'),
	(2, 'Samsung Inverter 236 lít RT22M4032BY/SV', 1, 1, 30, 9390000, 'Thịt cá tươi ngon, ăn trong ngày không cần rã đông với ngăn đông mềm -1 độ C Optimal Fresh Zone'),
	(3, 'LG Inverter 315 lít GN-M312BL', 1, 0, 10, 11990000, 'Tủ lạnh LG Inverter 315 Lít GN-M312BL được thiết kế ngăn đá trên với chất liệu cửa tủ bằng thép không gỉ có độ bền cao. Được trang bị công nghệ Inverter giúp tiết kiệm điện năng và làm lạnh từ cánh cửa Door Cooling, khí lạnh lan tỏa đều tại mọi vị trí trong tủ.'),
	(4, 'Sharp Inverter 525 lít SJ-FX600V-SL', 10, 1, 10, 19990000, 'Công nghệ lành lạnh kép Hybrid Cooling phân bổ đều khí lạnh trong tủ\r\nChế độ Express Freezing làm đông thực phẩm xuống tận -24⁰C\r\nĐối với thực phẩm tươi sống, tủ lạnh Sharp Inverter sẽ bảo quản tốt với khả năng đưa nhiệt độ ngăn đông xuống -24⁰C nhanh chóng.\r\nCông nghệ J-tech Inverter tiết kiệm điện năng, vận hành êm ái\r\nKhi sử dụng, tủ lạnh luôn đảm bảo không gây tiếng ồn, đảm bảo sự thoải mái khi dùng. Đặc biệt, công nghệ J-tech sẽ giúp tiết kiệm điện năng tối ưu.\r\nKiểu tủ lạnh 4 cửa với mặt kim loại sang trọng, thời thượng\r\nTủ lạnh Sharp này sở hữu kim loại sang trọng, thời thượng. Thiết kế 4 cửa kiểu Pháp giúp sản phẩm trở thành điểm nổi bật cho nội thất trong nhà.\r\n'),
	(5, 'LG Inverter 394 lít GN-D392BLA', 1, 0, 10, 19490000, 'Dòng tủ lạnh LG 394 lít GN-D392BLA này với những công nghệ hiện đại nổi bật như Door Cooling+, Hygiene Fresh+... cùng với tiện ích lấy nước ngoài tiện lợi kết hợp với gam màu tối ấn tượng, độc đáo. Do đó, sản phẩm sẽ là một sự lựa chọn đáng quan tâm cho gia đình từ 3 - 4 người khi bạn có nhu cầu mua tủ lạnh mới.\r\n'),
	(6, 'Samsung Inverter 488 lít RF48A4010M9/SV', 1, 1, 15, 26090000, 'Sử dụng 2 dàn lạnh độc lập Twin Cooling Plus giúp lạnh đồng đều\r\nThiết kế Multi Door hiện đại, có tiện ích lấy nước bên ngoài\r\nBảo quản thực phẩm tươi ngon nhờ ngăn rau quả giữ ẩm tốt \r\nVới thiết kế có thể lấy nước bên ngoài mà không cần mở tủ, vô cùng tiện lợi.\r\nSử dụng công nghệ Digital Inverter tiết kiệm điện, hoạt động êm ái\r\nKhử mùi hôi khó chịu nhờ bộ lọc than hoạt tính Deodorizer\r\nDung tích sử dụng 488 lít phù hợp với gia đình từ 4 – 5 thành viên'),
	(7, 'Samsung Inverter 655 lít RS62R5001B4/SV', 1, 1, 10, 25090000, 'Thiết kế Side by Side đẳng cấp cùng gam màu đen thời thượng\r\nDung tích 655 lít phù hợp cho gia đình trên 5 người\r\nCông Nghệ Digital Inverter tiết kiệm điện năng hiệu quả\r\nLàm lạnh nhanh chóng, nhiệt độ đồng đều với công nghệ làm lạnh vòm\r\nBộ lọc khử mùi than hoạt tính trả lại không gian trong lành, không bám mùi hôi khó chịu\r\nChuông báo cửa mở phát tín hiệu cảnh báo khi cửa tủ bị hở hoặc mở quá lâu\r\n'),
	(8, 'Panasonic Inverter 255 lít NR-BV280QSVN', 1, 1, 20, 11590000, 'Ngăn cấp đông mềm thế hệ mới Prime Fresh+ bảo quản thực phẩm không cần rã đông\r\nTủ lạnh Inverter tiết kiệm điện tối đa, vận hành êm ái, ổn định\r\nTrang bị cảm biến Econavi, tủ lạnh nâng cao hiệu quả tiết kiệm điện hơn\r\nKiểu dáng sang trọng, hiện đại với ngăn đá dưới tiện lợi\r\nCông nghệ kháng khuẩn Ag Clean với tinh thể bạc Ag+ ngăn chặn vi khuẩn, mùi hôi\r\nCông nghệ làm lạnh Panorama mang hơi lạnh tỏa đều mọi vị trí trong tủ\r\nDung tích sử dụng 255 lít cho gia đình 2 - 3 người\r\nNhìn chung, tủ lạnh Panasonic Inverter 255 lít NR-BV280QSVN bên cạnh thiết kế nổi bật, mới lạ thì nó còn được trang bị nhiều công nghệ tiên tiến, hỗ trợ tốt cho bạn trong quá trình sử dụng như: Inverter tiết kiệm điện, ngăn cấp đông mềm tiện lợi, kháng khuẩn, khử mùi tinh thể bạc,... Với các tính năng hấp dẫn, cùng dung tích 255 lít, sản phẩm này sẽ là một sự lựa chọn lý tưởng cho gia đình có 2 - 3 thành viên.'),
	(9, 'Samsung Inverter 655 lít RS62R5001M9/SV', 1, 0, 50, 22900000, 'Tủ lạnh Side by Side sang trọng, đẳng cấp\r\nDung tích 655 lít dành cho gia đình đông thành viên\r\nCông Nghệ Digital Inverter mang đến khả năng tiết kiệm điện hiệu quả\r\nMang hơi lạnh lan tỏa đồng đều đến mọi nơi bên trong tủ với công nghệ làm lạnh vòm\r\nBộ lọc khử mùi than hoạt tính loại bỏ mùi hôi khó chịu, duy trì độ thơm ngon của thực phẩm\r\nChuông báo cửa mở tiện lợi, tránh lãng phí điện năng\r\nVừa được ra mắt trong năm 2019, chiếc tủ lạnh Samsung RS62R5001M9/SV không chỉ mang kiểu dáng Side by Side hiện đại, dung tích lớn mà nó còn nổi bật nhờ công nghệ SpaceMax với thiết kế viền siêu mỏng, giúp khai phóng không gian, cho phép bạn lưu trữ và bảo quản được nhiều thực phẩm hơn những chiếc tủ lạnh đời cũ. Nếu gia đình bạn có thói quen mua nhiều thực phẩm để dùng một lần thì chiếc tủ lạnh Samsung Side by Side này chính là một sự lựa chọn đáng cân nhắc. \r\n'),
	(10, 'LG Inverter 266 lít GV-B262WB', 1, 1, 10, 10990000,'Tủ lạnh LG Inverter 266 lít GV-B262WB có khả năng tiết kiệm điện hiệu quả và vận hành êm ái. Hơn nữa, mẫu tủ lạnh này có thể duy trì được độ tươi ngon thực phẩm và làm lạnh đồ uống tối ưu khi đặt ở phía cánh cửa tủ lạnh nhờ các công nghệ đặc biệt. '),
	(11, 'LG Inverter 217 lít GV-B212WB', 1, 0, 20, 8990000, 'Kiểu tủ ngăn đá trên quen thuộc với cửa bằng thép không gỉ chắc chắn.
Dung tích 217 lít phù hợp với gia đình từ 2 – 3 thành viên.
Công nghệ làm lạnh Linear Cooling giúp thực phẩm luôn tươi ngon.
Công nghệ Inverter tiết kiệm điện, tủ vận hành êm ái.
Tủ lạnh LG Inverter 217 Lít GV-B212WB có khả năng tiết kiệm điện và duy trì nhiệt độ ổn định giúp thực phẩm luôn tươi ngon. Hơn nữa, tủ lạnh còn có thể làm lạnh nhanh và duy trì các loại đồ uống ở vị trí cánh cửa tủ một cách tối ưu
'),
	(12, 'Samsung Inverter 488 lít RF48A4000B4/SV', 1, 0, 20, 11190000, 'Làm lạnh đồng đều với công nghệ 2 dàn lạnh độc lập Twin Cooling Plus
    Tủ lạnh Samsung được trang bị 2 dàn lạnh độc lập ở ngăn đông và ngăn lạnh, ngăn luồng khí lạnh xâm nhập lẫn nhau và cho phép điều chỉnh nhiệt tại hai ngăn riêng biệt, mang đến độ ẩm phù hợp và giữ trọn vẹn hương vị, dưỡng chất của thực phẩm.
    
    '),
	(13, 'Samsung Inverter 319 lít RT32K5932BY/SV', 1, 1, 11, 15090000, 'Thiết kế sang trọng, sơn bóng giả gương sang trọng
    -Dù sở hữu thiết ngăn đá trên truyền thống, tủ lạnh Samsung Inverter 319 lít RT32K5932BY/SV vẫn sẽ mang đến cho không gian bếp nhà bạn một làn gió mới nhờ chất liệu cửa tủ mới lạ. Cửa tủ lạnh được làm từ kim loại phủ sơn bóng giả gương sang trọng, giúp làm bật lên không gian bếp của bạn.
    -Ngoài ra, tủ lạnh còn có bảng điều khiển cảm ứng bên ngoài, thuận tiện để điều chỉnh nhiệt độ hơn.
    -Bảo quản thực phẩm tươi ngon lâu, không bị lẫn mùi bằng công nghệ 2 dàn lạnh độc lập Twin Cooling Plus
    -Thay đổi không gian lưu trữ thực phẩm linh hoạt với 5 chế độ chuyển đổi
    -Dễ dàng lấy nước lạnh từ khay lấy nước ngoài, tránh thất thoát hơi lạnh
    -Khử mùi hôi, không khí lạnh luôn trong lành với bộ lọc than hoạt tính Deodorizer
    -Thiết kế hiện đại, gọn gàng
    '),
	(14, 'Panasonic Inverter 170 lít NR-BA190PPVN', 1, 0, 12, 6590000, 'Vận hành êm ái, bền bỉ nhờ công nghệ Inverter  
    -Tiết kiệm điện năng hiệu quả nhờ công nghệ cảm biến Econavi
	-Kháng khuẩn và khử mùi hiệu quả nhờ công nghệ kháng khuẩn Ag Clean với tinh thể bạc Ag+
    -Hơi lạnh đồng đều khắp tủ với công nghệ làm lạnh Panorama
    -Dung tích 170 lít, phù hợp với các gia đình từ 2 - 3 thành viên
    '),
	(15, 'Samsung Inverter 307 lít RB30N4190BY/SV', 1, 1, 15, 17490000, 'Tiết kiệm điện năng hiệu quả với công nghệ Digital Inverter
    -Làm lạnh tốt hơn với công nghệ làm lạnh dạng vòm.
    -Lọc sạch không khí, mùi hôi khó chịu với bộ lọc than hoạt tính Deodorizer.
    -Bảo quản thịt cá tươi ngon không cần rã đông với ngăn đông mềm -1 độ C Optimal Fresh Zone
    -Tiện lợi với khay lấy nước bên ngoài
    -Bảo quản rau quả tươi ngon, mọng nước nhờ ngăn rau quả giữ ẩm
    -Làm đá tự động tiết kiệm và tiện lợi
    -Thiết kế mặt cửa tủ giả gương sang trọng, hiện đại
    -Dung tích sử dụng 307 lít phù hợp với gia đình từ 3 – 4 người
    '),
	(16, 'Aqua Inverter 189 lít AQR-T220FA(FB) Mới 2023', 1, 1, 16, 5490000, 'Tủ lạnh Aqua Inverter 189 lít AQR-T220FA(FB) có khả năng làm lạnh đa chiều, giúp bảo quản thực phẩm tối ưu, giảm thiểu tỷ lệ hư hỏng. Ngoài ra, tủ lạnh cũng mang lại hiệu quả tiết kiệm điện nhờ sử dụng công nghệ Twin Inverter.
    Công nghệ làm lạnh + Công nghệ bảo quản thực phẩm
    Công nghệ kháng khuẩn khử mùi
    '),
	(17, 'Toshiba Inverter 511 lít GR-RF610WE-PGV(22)-XK', 1, 1, 17, 24090000, 'Thiết kế hiện đại với kiểu tủ multi door cùng mặt gương sang trọng, quý phái
    -Giữ nhiệt tối ưu, bảo quản thực phẩm tươi ngon nhờ tấm hợp kim công nghệ Alloy Cooling
    -Dung tích 511 lít, phù hợp với gia đình từ 4 - 5 người
    -Sử dụng tiết kiệm điện, vận hành êm ái và đồng bộ với công nghệ Origin Inverter
    -Làm lạnh thực phẩm nhanh, tránh lẫn mùi nhờ công nghệ hai dàn lạnh độc lập Dual Cooling
    -Kháng khuẩn, khử mùi hoàn hảo cùng công nghệ PureBio với tia Plasma cực mạnh
    -Linh hoạt thay đổi chế độ bảo quản thực phẩm với ngăn Flexible Zone
    -Tăng cường hơi ẩm, giữ rau củ tươi lâu trong ngăn Moisture Zone
    '),
	(18, 'Samsung Inverter 299 lít RT29K5532BY/SV', 1, 0, 12, 12790000, 'Vận hành êm ái, tiết kiệm điện năng nhờ công nghệ Digital Inverter
    -Làm lạnh nhanh, ngăn chặn thực phẩm bị lẫn mùi với nhau bằng công nghệ 2 dàn lạnh độc lập Twin Cooling plus
    -Giữ lạnh tốt ngay cả khi bị mất điện với tấm giữ nhiệt Coolpack
    - khí được lọc sạch, ngăn ngừa vi khuẩn gây bệnh với bộ lọc than hoạt tính
    -Rau quả luôn tươi ngon như vừa mới mua bằng ngăn rau quả giữ ẩm Big box
    -Thiết kế thời thượng nâng tầm không gian bếp nhà bạn
    -Đảm bảo làm lạnh thực phẩm đồng điều với công nghệ luồng khí lạnh vòng cung
    -An toàn bền bỉ với khay kệ kính chịu lực

    '),
	(19, 'Toshiba Inverter 233 lít GR-A28VM(UKG1)', 1, 1, 11, 7490000, 'Thiết kế ngăn đá trên truyền thống, quen thuộc với người dùng
    -Tiết kiệm điện, vận hành êm ái nhờ công nghệ Inverter hiện đại
    -Chế biến không cần rã đông với ngăn cấp đông mềm Ultra Cooling Zone
    -Loại bỏ mùi hôi, giữ tủ lạnh luôn thông thoáng với công nghệ Ag+ Bio
    -Bảo quản rau củ quả tốt hơn với ngăn chứa lớn hơn
    '),
	(20, 'Aqua 90 lít AQR-D99FA(BS)', 1, 0, 9, 3290000, '-Thiết kế nhỏ gọn, di chuyển dễ dàng
   -Làm lạnh thực phẩm nhanh chóng với hệ thống làm lạnh trực tiếp
    -Tùy chỉnh nhiệt độ làm lạnh dễ dàng với nút vặn điều chỉnh nhiệt độ
    -Chống lẫn mùi thực phẩm của các ngăn nhờ ngăn đá có nắp 
    -Bảo quản rau củ riêng biệt với ngăn rau củ 
    -An toàn và bền bỉ với khay kính chịu lực
    '),
	(25, 'Gree Inverter 0.8 HP GWC07PA-K3D0P4', 2, 1, 8, 5990000, 'Loại bỏ vi khuẩn, nấm mốc trên máy lạnh với tính năng tự làm sạch X-Fan\r\nĐiều chỉnh nhiệt độ phù hợp với I Feel\r\nThiết kế đơn giản thanh lịch cùng với công suất 0.8 HP\r\nTiết kiệm điện năng tối đa với công nghệ Real Inverter\r\nMang đến luồng không khí mát mẻ ngay tức thì với chế độ làm lạnh nhanh Turbo\r\nBảo vệ sức khỏe tối đa với công nghệ Cold Plasma kết hợp cùng tấm vi lọc bụi'),
	(26, 'Nagakawa Inverter 1 HP NIS-C09R2H10', 2, 1, 9, 9390000, 'Chức năng tự làm sạch Auto Clean diệt khuẩn, khử mùi hiệu quả
    -Lọc sạch không khí, bảo vệ sức khỏe với hệ thống làm sạch không khí 5 lớp
    -Công nghệ Inverter siêu tiết kiệm điện
   - Làm lạnh nhanh tức thì với chế độ Super
   - Cảm biến nhiệt độ thông minh trên remote I Feel
    -Dàn trao đổi nhiệt mạ xanh BlueFin chống oxy hóa, bảo vệ máy lạnh
    -Thiết kế sang trọng, công suất 1 HP phù hợp với diện tích dưới 15 m2
    -Điều khiển và dễ dàng theo dõi hơn với đèn LED hiển thị nhiệt độ
    -Tăng hiệu suất làm lạnh với chế độ đảo gió 4D 
    -Căn phòng thoáng đãng, khô ráo với chế độ hút ẩm
    '),
	(30, 'Midea Inverter 1 HP MSAFA-10CRDN8', 2, 1, 10, 8690000, '-Thiết kế tinh tế, hiện đại với công suất 1 HP cho phòng nhỏ dưới 15 m2
    -Tận hưởng cảm giác mát lạnh nhanh chóng với chế độ làm lạnh Turbo
    -Luôn giữ cho căn phòng thoáng mát, khô ráo với chức năng hút ẩm
    -Đem lại cho căn phòng bầu không khí tươi mới, sạch khuẩn với bộ lọc 2 lớp HD
    -Sử dụng như một chiếc quạt thổi gió với chế độ Fan only
    -Tiện lợi trong quá trình sử dụng với chức năng hẹn giờ
    -Lắp đặt dễ dàng với ống thoát nước 2 chiều
    '),
	(31, 'Funiki Inverter 1 HP HIC09TMU.ST3', 2, 1, 12, 8790000, '-Máy lạnh Funiki 1HP HIC09TMU.ST3 sở hữu công nghệ Inverter giúp tiết kiệm điện năng, chế độ làm lạnh nhanh Turbo giúp tăng tốc làm lạnh, người dùng sẽ không mất quá nhiều thời gian để đạt được mức nhiệt độ mình mong muốn.'),
	(34, 'Gree Inverter 1 HP GWC09PB-K3D0P4', 2, 0, 14, 9790000, '-Loại bỏ vi khuẩn, ngăn ngừa nấm mốc với tính năng tự làm sạch G-Clean
    -Điều chỉnh linh hoạt nhiệt độ nhờ cảm biến I Feel 
    -Màn hình hiển thị nhiệt độ tiện lợi
    -Làm lạnh nhanh chóng cùng chế độ Turbo
    -Loại bỏ vi khuẩn, chất gây dị ứng nhờ công nghệ Cold Plasma 
    -Bảo vệ sức khỏe người dùng tối ưu với màng lọc mật độ cao kèm lưới lọc đa chức năng
    -Tiết kiệm điện hiệu quả cùng công nghệ Real Inverter
    -Công suất 1 HP, phù hợp diện tích căn phòng dưới 15m² 
    -Kiểm soát thời gian hoạt động của máy nhờ chức năng hẹn giờ
    -Nâng cao độ bền nhờ chức năng hong khô dàn lạnh X-Fan
    '),
	(35, 'Samsung Inverter 1 HP AR09TYHQASINSV', 2, 0, 17, 9390000, '-Tiết kiệm điện năng với công nghệ Digital Inverter 
    -Làm lạnh tức thì với chế độ làm lạnh nhanh Fast Cool & Comfort Cool
    -Thanh lọc không khí sạch khuẩn nhờ bộ lọc HD
    -Tận hưởng giấc ngủ sâu với chế độ ngủ ngon
    -Chức năng 2-Way Auto Swing giúp tỏa không khí mát lạnh khắp nơi
    -Bảo vệ tối ưu bộ trao đổi nhiệt với công nghệ chống ăn mòn DuraFin™
    -Công suất 1 HP, phù hợp diện tích phòng dưới 15 m2
    '),
	(36, 'Casper Inverter 1 HP TC-09IS35 Mới 2023', 2, 1, 19, 11590000, '-Máy lạnh Casper Inverter 1 HP TC-09IS35 cho khả năng làm mát hiệu quả với chế độ làm lạnh nhanh Turbo, tự động điều chỉnh nhiệt độ với cảm biến nhiệt độ iFeel, sử dụng tiết kiệm điện với công nghệ I-saving, tăng tuổi thọ thiết bị với chức năng tự làm sạch iClean.'),
	(37, 'Daikin Inverter 1 HP ATKF25XVMV Mới 2023', 2, 0, 10, 11590000, '-Máy lạnh Daikin Inverter 1 HP ATKF25XVMV là dòng máy lạnh sở hữu nhiều tính năng hiện đại với công nghệ lọc khí Streamer và Phin lọc Enzyme Blue tích hợp PM2.5 giúp tinh lọc không khí và loại bỏ các vi rút, vi khuẩn, mùi hôi và nấm mốc hiệu quả. Trang bị công nghệ Inverter giúp tiết kiệm điện năng hiệu quả. Dàn nóng được cải tiến nên máy vận hành êm ái đảm bảo giấc ngủ ngon mỗi tối.'),
	(38, 'Casper Inverter 1 HP IC-09TL32', 2, 0,11, 7990000, '-Máy lạnh Casper Inverter 1 HP IC-09TL32 trang bị chế độ Follow me tự động điều chỉnh nhiệt độ mát theo vị trí đặt remote hiện đại kết hợp với màn hình hiển thị nhiệt độ ngay trên vỏ nên dễ dàng theo dõi nhiệt độ đang sử dụng.'),
	(39, 'Panasonic Inverter 1 HP CU/CS-PU9ZKH-8M Mới', 2, 0, 12, 11390000, '-Công nghệ ECO tích hợp A.I kết hợp Inverter giúp tiết kiệm điện năng và duy trì nhiệt độ ổn định.
	-Công nghệ Nanoe-G lọc bụi mịn PM 2.5 lọc sạch không khí đến 99% bụi mịn và các vi khuẩn gây hại.
	-Chế độ làm lạnh nhanh Powerful ấn tượng với khả năng giảm nhiệt độ phòng một cách nhanh chóng.
	-Thiết kế hiện đại và sang trọng phù hợp với nhiều không gian trong nhà như phòng khách, phòng ngủ,...
	-Ống dẫn gas bằng đồng, lá tản nhiệt bằng nhôm bền bỉ.
	-Các tiện ích nổi bật như: tự chẩn đoán lỗi, hẹn giờ bật tắt, khử ẩm,...'),
	(40, 'Aqua Inverter 1 HP AQA-RV9QA Mới 2023', 2, 0, 14, 9390000, '-Máy lạnh Aqua Inverter 1 HP AQA-RV9QA có thể hút ẩm thông minh, giúp căn phòng luôn khô ráo và mang lại sự thoải mái cho người dùng vào những ngày trời ẩm ướt. Không những thế, máy lạnh còn có thể tự động chẩn đoán lỗi, hỗ trợ người dùng khắc phục lỗi nhanh chóng khi gặp phải.'),
	(41, 'LG Inverter 1 HP V10WIN Mới 2023', 2, 0, 17, 10090000, 'Máy lạnh LG Inverter 1 HP V10WIN là thiết bị làm mát tốt khi có khả năng làm lạnh nhanh chóng với công nghệ Jet Cool, hoạt động ổn định, tiết kiệm điện với công nghệ Dual Inverter, Energy Ctrl, có chức năng tự làm sạch, hẹn giờ bật tắt, chế độ ngủ đêm tránh buốt cho bạn sử dụng máy thuận tiện, làm mát hiệu quả.'),
	(42, 'Toshiba Inverter 1 HP RAS-H10C4KCVG-V', 2, 0, 19, 10590000, '-Máy lạnh Toshiba 1 HP Inverter RAS-H10C4KCVG-V sử dụng công nghệ Hybrid Inverter và chế độ Eco nhờ đó máy hoạt động ổn định, êm ái và tiết kiệm điện năng. Được trang bị các công nghệ khử khuẩn như bộ lọc chống nấm mốc, công nghệ tinh lọc không khí Ultra Fresh và công nghệ chống bám bẩn Magic Coil mang đến không khí trong lành.'),
	(43, 'LG Inverter 1.5 HP V13WIN Mới 2023', 2, 0, 12, 11590000, '-Công suất làm lạnh 1.5 HP phù hợp với diện tích không gian từ 15 - 20m².
	-Công nghệ Jet Cool làm lạnh nhanh và sâu.
	-Công nghệ Dual Inverter giúp tiết kiệm điện năng, hoạt động ổn định.
	-Tăng hiệu suất làm lạnh và độ bền nhờ ống dẫn gas bằng đồng - lá tản nhiệt bằng nhôm phủ lớp Gold Fin.
	-Tiết kiệm thời gian, chi phí sửa chữa nhờ chức năng tự chẩn đoán lỗi.
	-Chức năng thổi gió dễ chịu cho người già và trẻ em. '),
	(44, 'Panasonic Inverter 1.5 HP CU/CS-PU12ZKH-8M Mới', 2, 0, 8, 13890000, '-Công nghệ tiết kiệm điện ECO tích hợp A.I kết hợp Inverter giúp duy trì nhiệt độ ổn định.
	-Lọc sạch không khí đến 99% bụi mịn và các vi khuẩn gây hại nhờ Nanoe-G lọc bụi mịn PM 2.5.
	-Chế độ làm lạnh nhanh Powerful giảm nhiệt độ phòng một cách nhanh chóng.
	-Thiết kế tinh tế phù hợp với nhiều không gian trong nhà như phòng khách, phòng ngủ,...
	-Ống dẫn gas bằng đồng, lá tản nhiệt bằng nhôm bền bỉ.
	-Các tiện ích nổi bật như: tự khởi động lại khi có điện, tự chẩn đoán lỗi, hẹn giờ bật tắt, khử ẩm,...'),
	(45, 'Casper Inverter 1.5 HP IC-12TL32', 2, 0, 10, 8990000, '-Máy lạnh Casper Inverter 1.5 HP IC-12TL32 có chế độ Follow me tự động điều chỉnh nhiệt độ theo vị trí đặt remote kết hợp với công nghệ Inverter và chế độ Eco giúp tiết kiệm điện năng. Ngoài ra, trên máy có màn hình hiển thị nhiệt độ dễ dàng theo dõi nhiệt độ trong quá trình sử dụng.'),
	(46, 'Daikin Inverter 1.5 HP ATKF35XVMV Mới 2023', 2, 0, 11, 14190000, '-Máy lạnh Daikin Inverter 1.5 HP ATKF35XVMV được trang bị nhiều tính năng như tinh lọc không khí hiệu quả với công nghệ lọc khí Streamer và Phin lọc Enzyme Blue tích hợp PM2.5 giúp loại bỏ vi rút, vi khuẩn và mùi hiệu quả. Trang bị công nghệ Inverter nên tiết kiệm điện năng hiệu quả với chỉ số hiệu suất năng lượng 5.38. Dàn nóng được cải tiến nên vận hành êm ái, đảm bảo giấc ngủ ngon.'),
	(49, 'Daikin Inverter 1 HP FTKB25WMVMV', 2, 0, 12, 10990000, '-Máy lạnh Daikin Inverter 1 HP FTKB25WMVMV là dòng máy lạnh sở hữu công nghệ Inverter​ giúp tiết kiệm điện năng. Đặc biệt, dàn nóng và dàn lạnh được cải tiến giúp máy hoạt động êm ái, ổn định, đạt công suất tối ưu. Ngoài ra, sở hữu phin lọc Enzyme Blue kết hợp phin lọc bụi mịn PM2.5 loại bỏ các tác nhân gây mùi, gây dị ứng, nấm mốc.'),
	(50, 'Aqua Inverter 1 HP AQA-RV9QC Mới 2023', 2, 0, 15, 7990000, '-Máy lạnh Aqua Inverter 1 HP AQA-RV9QC có thể hút ẩm thông minh, giúp căn phòng luôn khô ráo và mang lại sự thoải mái cho người dùng vào những ngày trời ẩm ướt. Không những thế, máy lạnh còn có thể tự động chẩn đoán lỗi, hỗ trợ người dùng khắc phục lỗi nhanh chóng khi gặp phải.'),
	(53, 'Sharp Inverter 1 HP AH-X10ZEW Mới 2023', 2, 0, 18, 9090000, '-Điều hòa Sharp Inverter 9000 BTU AH-X10ZEW là dòng máy lạnh 1 chiều (chỉ làm lạnh), được trang bị công nghệ J-Tech Inverter và chế độ Eco giúp máy vận hành êm ái, tiết kiệm điện năng. Trang bị lưới lọc bụi polypropylene giúp loại bỏ các tác nhân có hại, đảm bảo không khí trong lành, sạch khuẩn.'),
	(55, 'Toshiba 7 Kg AW-L805AV (SG)', 3, 0, 12, 5190000, 'Thiết kế tối giản, sang trọng, hiện đại với khối lượng giặt 7 kg phù hợp cho gia đình 2 - 3 người
Máy giặt Toshiba 7 Kg AW-L805AV (SG) có màu xám bạc vừa toát lên vẻ sang trọng, hiện đại vừa đảm bảo vệ sinh hơn trong quá trình sử dụng. 

Với thiết kế cửa trên, lồng đứng và có khối lượng giặt là 7 kg này sẽ phù hợp với những gia đình có 2 - 3 thành viên. Hoặc với gia đình có đông thành viên hơn nhưng nhu cầu giặt giũ ít thì vẫn là lựa chọn phù hợp cho gia đình bạn.'),
	(56, 'Samsung Inverter 10 Kg WA10T5260BY/SV', 3, 1, 11, 10490000, '-Tiết kiệm điện năng, vận hành êm với động cơ truyền động trực tiếp kết hợp công nghệ Digital Inverter
    -Hoà tan chất giặt tẩy hiệu quả, hạn chế đóng cặn trên quần áo với hộp đánh tan bột giặt Magic Dispenser
    -Lưu lại hương thơm trên quần áo lâu hơn với chế độ giặt lưu hương
    -Làm sạch các vết bẩn cứng đầu nhất với chế độ Intensive Wash
    -Hạn chế xoắn rối, bảo vệ quần áo tốt hơn bằng mâm giặt Wobble
    -Thiết kế sang trọng, hiện đại
    -Máy có khối lượng giặt là 10 kg sẽ đáp ứng được nhu cầu giặt giũ của những gia đình có từ 5 - 7 thành viên
    
    '),
	(57, 'Samsung Inverter 10 Kg WW10TA046AE/SV', 3, 1, 8, 15590000, '-Thiết kế tối giản, sang trọng, hiện đại với khối lượng giặt 7 kg phù hợp cho gia đình 2 - 3 người'),
	(58, 'Aqua Inverter 9 Kg AQD-A902G S', 3, 0, 9, 11390000, '-Máy giặt Aqua Inverter 9 kg AQD-A902G S có thiết kế mỏng gọn, tiết kiệm diện tích cho không gian lắp đặt, công nghệ giặt hơi nước được tích hợp giúp diệt khuẩn quần áo, phù hợp với những người có làn da nhạy cảm dễ bị mẩn đỏ do các tác nhân dị ứng.'),
	(59, 'Aqua 10 Kg AQW-F100GT.BK', 3, 1, 15, 8090000, '-Ngăn ngừa vi khuẩn, nấm mốc 99.99% với mâm giặt kháng khuẩn ABT
	-Máy giặt được trang bị mâm giặt kháng khuẩn ABT, chất liệu kháng khuẩn này được tích hợp phun vào mâm giặt giúp ngăn chặn sự phát triển của vi khuẩn, nấm mốc với hiệu quả lên đến 99.99%, giúp bảo vệ sức khỏe tối ưu.'),
	(60, 'Aqua 8 Kg AQW-KS80GT S', 3, 0, 20, 4990000, '-Mâm giặt kháng khuẩn ABT ngăn ngừa vi khuẩn phát triển 
Máy giặt cửa trên được trang bị mâm giặt kháng khuẩn ABT, chất liệu kháng khuẩn được tích hợp phun vào mâm giặt, giúp ngăn chặn hiệu quả sự phát triển của vi khuẩn bên trong lồng giặt, hạn chế mùi hôi trên quần áo, bảo vệ sức khỏe gia đình bạn.'),
	(61, 'LG Inverter 8.5 Kg FV1408S4W', 3, 1, 17, 12190000, '-Thiết kế tinh tế và hiện đại
    -14 chương trình giặt đa dạng giúp đáp ứng tốt các nhu cầu giặt giũ trong gia đình
    -Kích thước lồng giặt tăng, giữ nguyên diện tích máy giặt 
    -Quần áo bền hơn nhờ công nghệ AI DD 
    -Loại bỏ tác nhân gây dị ứng, giảm nếp nhăn trên quần áo
    '
    
    ),
	(62, 'Samsung Inverter 10 Kg WW10TP44DSB/SV', 3, 1, 2, 17590000, '-Phân tích độ bẩn, tối ưu chu trình giặt với công nghệ giặt thông minh AI Wash
Máy giặt Samsung Inverter 10kg WW10TP44DSB/SV sử dụng công nghệ giặt thông minh AI Wash khi được trang bị 4 loại cảm biến bao gồm: độ bẩn và khối lượng đồ, lượng nước, lượng nước giặt/xả nhờ đó tối ưu hóa được chu trình giặt, giúp bạn không cần phải tính toán nhiều khi giặt nữa.

'),
	(63, 'Aqua 8.8 Kg AQW-FR88GT.BK', 3, 0, 20, 8090000, '-Ngăn ngừa vi khuẩn, nấm mốc với mâm giặt kháng khuẩn ABT
Với kháng sinh kháng khuẩn ABT, mâm giặt được phun một dung dịch đặc biệt, kháng khuẩn đến 99,99% và ngăn nấm mốc phát triển bên trong lồng giặt. Bảo vệ sức khỏe toàn diện cho người sử dụng. Sản phẩm thích hợp cho các gia đình có con nhỏ, người dễ bị kích ứng với vi khuẩn, bụi bẩn'),
	(64, 'Toshiba 9 Kg M1000FV(MK)', 3, 1, 11, 5990000, '-Máy giặt Toshiba 9 kg AW-M1000FV(MK) có kiểu thiết kế bắt mắt với nắp máy có thể chống đọng nước. Máy có khả năng tự động cân chỉnh lượng nước theo khối lượng giặt, thậm chí giặt sạch quần áo hiệu quả mà không làm sờn sợi vải.'),
	(65, 'Toshiba 9 Kg AW-K1005FV(SG)', 3, 1, 23, 6890000, '-Thiết kế hiện đại cùng với khối lượng giặt lớn
    -8 chương trình giặt tiện lợi, đáp ứng tốt nhu cầu giặt giũ cho gia đình
    -Bảo vệ quần áo với lồng giặt ngôi sao pha lê
    -Giặt sạch nhanh, tiết kiệm thời gian với công nghệ giặt Greatwaves kết hợp 3 luồng nước
    -Cuốn trôi các vết bẩn ngoài lồng giặt với công nghệ I-Clean
    '),
	(68, 'Casper Inverter 10.5 Kg WF-105I140BWC', 3, 1, 5, 8490000, '-Máy giặt Casper Inverter 10.5 KG WF-105I140BWC có khả năng giặt sạch, ngăn ngừa dị ứng, an toàn cho da nhạy cảm nhờ công nghệ giặt hơi nước và nước nóng. Máy còn sở hữu công nghệ Inverter mang lại hiệu suất vận hành ổn định cho máy nén, tiết kiệm điện năng sử dụng cho gia đình.'),
	(69, 'Samsung Inverter 9.5 Kg WA95CG4545BDSV Mới 2023', 3, 0, 18, 8790000, '-Máy giặt cửa trên - lồng đứng gọn đẹp, phù hợp bố trí ở nhiều nơi. 
	-Khối lượng giặt tối đa 9.5 kg, tích hợp 10 chương trình giặt tự động.
	-Công nghệ giặt bong bóng Eco Bubble đánh bay các vết bẩn cứng đầu dễ dàng. 
	-Công nghệ Intensive Wash giúp xà phòng thẩm thấu nhanh chóng. 
	-Công nghệ Digital Inverter cho thiết bị vận hành êm ái, giảm hao phí điện năng. 
	-Tự động vệ sinh lồng giặt giữ lồng giặt sạch sẽ, kéo dài tuổi thọ máy.'),
	(70, 'Aqua Inverter 9 Kg AQD-A900F S', 3, 1, 19, 11690000, '-Lồng giặt rộng 525mm giúp giặt sạch hơn, giảm xoắn rối và tiết kiệm nước
Máy giặt Aqua cửa trước với kích thước lồng giặt 525 mm ra đời đáp ứng các tiêu chí về thiết kế, khả năng giặt sạch và bảo vệ quần áo.

Đường kính lớn của lồng giặt còn giúp quần áo va đập tốt hơn, gia tăng hiệu quả giặt sạch, giảm tình trạng quần áo bị xoắn rối vào nhau. Ngoài ra, lồng giặt được tăng đường kính giúp máy giặt "mỏng" hơn, tiết kiệm kha khá diện tích khi đặt máy trong nhà.'),
	(71, 'Samsung Inverter 9 Kg WW90TP44DSB/SV', 3, 1, 21, 15690000, '-Giặt cảm biến thông minh AI Wash tự động tối ưu lượng nước giặt xả, lượng nước và thời gian giặt
Máy giặt Samsung AI Inverter 9 kg WW90TP44DSB/SV ứng dụng công nghệ AI Wash hiện đại với 4 cảm biến có thể cảm nhận khối lượng và độ bẩn áo quần, từ đó tối ưu lượng nước, lượng nước giặt, nước xả, và thời gian giặt sao cho giặt sạch hiệu quả mà không tốn nhiều công sức.

Khi giặt, công nghệ tia sáng sẽ theo dõi, đánh giá độ bẩn áo quần dựa vào độ đục/trong của nước, tự động thêm bớt nước giặt và tăng giảm thời gian giặt phù hợp.'),
	(72, 'Samsung Inverter 10 Kg WW10TP44DSH/SV', 3, 0, 15, 15990000, '-Tăng hiệu quả giặt sạch, tối ưu việc giặt giũ với công nghệ AI Wash
Với AI Wash, 4 cảm biến (khối lượng quần áo, độ bẩn, lượng nước, lượng nước giặt/nước xả). Công nghệ này nhận biết khối lượng áo quần, tự động điều các thông số như chế độ giặt, lượng nước, lượng nước giặt/xả, thời gian,... cho phù hợp. 

Trong quá trình giặt, AI Wash sử dụng công nghệ tia sáng theo dõi và đánh giá độ bẩn của áo quần dựa vào độ đục/trong của nước.'),
	(73, 'Samsung Inverter 10 Kg WW10T634DLX/SV', 3, 0, 18, 15690000, '-Máy giặt Samsung AI Inverter 10 kg WW10T634DLX/SV được trang bị bảng điều khiển thông minh AI Control thế hệ mới có khả năng tự động ghi nhớ, phân tích và đề xuất chế độ giặt dựa theo thói quen sử dụng. Ngoài ra, màn hình hiển thị quy trình giặt dễ hiểu cùng các hướng dẫn thông minh giúp khắc phục sự cố dễ dàng.

Ngoài ra, máy giặt còn có thể điều khiển từ xa thông qua SmartThings nhờ kết nối với điện thoại thông minh, giúp bạn có thể theo dõi, điều khiển máy giặt mọi lúc, mọi nơi tiện lợi.'),
	(74, 'Aqua 9 Kg AQW-S90CT S', 3, 1, 19, 5790000, '-Máy giặt Aqua 9 kg AQW-S90CT S thiết kế kiểu lồng đứng, cửa trên, khối lượng giặt 9 kg cho gia đình 3 – 5 người dùng, công nghệ luồng nước đa chiều MultiJet nâng cao hiệu quả giặt sạch quần áo, dễ dàng sử dụng với bảng điều khiển song ngữ Anh – Việt.'),
	(75, 'Samsung Smart TV Crystal UHD UA55AU8100', 4, 0, 20, 13400000, '-Trải nghiệm xem thêm nhập vai với màn hình 55 inch không viền 3 cạnh
Smart Tivi Samsung 4K 55 inch UA55AU8100 thiết kế theo phong cách AirSlim tối giản với các cạnh viền siêu mỏng tạo cảm giác màn hình không hề bị giới hạn. Tivi có 2 chân đế hình chữ V úp ngược giúp trụ vững trên tất cả mặt phẳng, bạn cũng có thể treo tivi lên tường để tiết kiệm không gian.

Màn hình tivi Samsung 55 inch phù hợp cho các căn phòng có diện tích vừa phải như phòng khách, phòng ngủ, văn phòng,...'),
	(76, 'LG Smart TV 43UQ7550PSF', 4, 1, 22, 12900000, '-Smart Tivi LG 4K 43 inch 43UQ7550PSF sở hữu thiết kế tinh tế, màn hình độ phân giải 4K, nâng tầm trải nghiệm xem với bộ xử lý α5 Gen5 AI 4K, hình ảnh sống động cùng công nghệ Active HDR, chất âm AI Sound phù hợp với nội dung bạn đang trải nghiệm, dễ dàng tìm kiếm bằng giọng nói tiếng Việt với Magic Remote.'),
	(77, 'Sony Google TV KD-43X80K', 4, 1, 4, 14400000, 'Google Tivi Sony 4K 43 inch KD-43X80K gây ấn tượng với thiết kế tinh tế, hình ảnh sắc nét, chân thật, âm thanh cuốn hút, hỗ trợ nhiều kết nối, tính năng cho từng phút giây trải nghiệm của bạn đều tuyệt vời và thú vị. '),
	(78, 'TCL Android TV L32S66A', 4, 1, 4, 5990000, '-Android Tivi TCL 32 inch L32S66A sở hữu thiết kế thanh mảnh với viền mỏng 0,3 cm đi kèm với chân đế hình chữ V úp ngược không chỉ mang lại vẻ đẹp về thẩm mỹ mà còn giúp tivi đứng vững trên nhiều dạng bề mặt khác nhau.

Kích thước màn hình tivi TCL 32 inch thích hợp để ở các không gian như: Phòng khách, phòng họp, phòng ngủ,...'),
	(79, 'Casper Smart TV 43FX6200', 4, 1, 7, 7590000, '-Smart Tivi Casper 43 inch 43FX6200 được thiết kế với màn hình tràn viền ba cạnh sang trọng, mang lại trải nghiệm vô cùng hoàn hảo và ấn tượng. Chân đế chữ V úp ngược giúp tivi đứng vững vàng và ổn định. 

Tivi Casper 43 inch gọn gàng, phù hợp đặt ở các vị trí như: phòng khách, phòng ngủ, văn phòng nhỏ...'),
	(80, 'Samsung Smart TV Crystal UHD UA65AU8100', 4, 1, 2, 16400000, '-Smart Tivi Samsung 4K 65 inch UA65AU8100 có thiết kế Airslim không viền 3 cạnh sang trọng và tinh tế. Mang lại tổng thể cho không gian trưng bày thêm điểm nhấn vô cùng ấn tượng.

Màn hình tivi Samsung 65 inch cùng chân đế vững chắc phù hợp trưng bày các không gian như: Phòng khách, phòng ngủ, phòng họp,...'),
	(81, 'TCL Google TV 55P635', 4, 1, 1, 10490000, 'Google Tivi TCL 4K 55 inch 55P635 cho trải nghiệm xem tuyệt vời với thiết kế tràn viền, hình ảnh chất lượng 4K sắc nét, công nghệ HDR10 cho hình ảnh chi tiết, công nghệ Smart HDR hiển thị khung hình sống động, chế độ Game Mode giúp hiển thị các màn game mượt mà, công nghệ Dolby Audio tái tạo âm thanh mạnh mẽ, trung thực, Google Assistant hỗ trợ tiếng Việt, gọi video miễn phí qua màn hình tivi với Google Duo.'),
	(82, 'Samsung Smart TV Crystal UHD UA43AU8100', 4, 1, 3, 9900000, '-Smart Tivi Samsung 4K 43 inch UA43AU8100 được thiết kế Airslim không viền ba cạnh thanh lịch, màn hình tivi Samsung 43 inch có viền mỏng màu đen tinh tế. Không chỉ là sản phẩm giải trí bình thường mà còn là một vật dụng trang trí giúp làm nổi bật các không gian trưng bày như: Phòng khách, phòng ngủ,...'),
	(83, 'Samsung Smart TV QLED QA55Q65A', 4, 0, 10, 15400000, '-Smart Tivi QLED 4K 55 inch Samsung QA55Q65A với thiết kế với màn hình tràn viền 4 cạnh, cho người dùng trải nghiệm khung hình giải trí trên tivi chân thực như thực tế đang xảy ra trước mắt.

Tivi Samsung 55 inch có chân đế được thiết kế gọn gàng, vững chắc. Mang lại sự thanh lịch, sang trọng cho chiếc tivi, phù hợp trưng bày ở phòng khách, phòng ngủ,...'),
	(84, 'TCL Google TV QLED 43Q636', 4, 0, 12, 11490000, '-Google Tivi QLED TCL 4K 43 inch 43Q636​ mang đến trải nghiệm xem hoàn hảo với thiết kế tràn viền, tận hưởng nội dung chuẩn điện ảnh với bộ đôi Dolby Vision và Dolby Atmos, có hệ điều hành Google TV dễ sử dụng, tivi tích hợp sẵn micro cho điều khiển giọng nói rảnh tay tiện lợi. '),
	(85, 'TCL Google TV QLED 50Q636', 4, 0, 11, 15490000, '-Smart Tivi LG 4K 43 inch 43UQ7550PSF sở hữu thiết kế tinh tế, màn hình độ phân giải 4K, nâng tầm trải nghiệm xem với bộ xử lý α5 Gen5 AI 4K, hình ảnh sống động cùng công nghệ Active HDR, chất âm AI Sound phù hợp với nội dung bạn đang trải nghiệm, dễ dàng tìm kiếm bằng giọng nói tiếng Việt với Magic Remote'),
	(87, 'Toshiba Google TV 55C350LP', 4, 1, 15, 15690000, '-Google Tivi Toshiba 4K 55 inch 55C350LP hiển thị hình ảnh 4K rõ nét với bộ xử lý Regza Engine 4K hiệu suất cao, công nghệ Ultra Essential PQ tái tạo khung hình chi tiết, sinh động, AI 4K Upscaling nâng cấp chất lượng khung hình đến gần 4K, công nghệ Dolby Vision cho trải nghiệm điện ảnh đích thực, công nghệ Dolby Atmos cho âm thanh đa chiều mạnh mẽ, tìm kiếm bằng giọng nói tiếng Việt với Google Assistant dễ dàng.'),
	(88, 'Samsung Smart TV OLED QA55S95B', 4, 1, 14, 43900000, '-Smart Tivi OLED Samsung 4K 55 inch QA55S95B thiết kế Laser siêu mỏng đầy ấn tượng, mang đến khung hình 4K sắc nét rực rỡ trên màn hình OLED, bộ xử lý Neo Quantum 4K tối ưu hiển thị của hình ảnh, màu sắc chân thực nhờ Quantum Dot, màn hình 120 Hz mượt mà, cùng công nghệ âm thanh vòm Dolby Atmos sống động, điều khiển bằng giọng nói tiếng Việt với Google Assistant, Bixby.'),
	(89, 'Samsung Smart TV QLED QA75QN85A', 4, 0, 6, 84900000, '-Smart Tivi Neo QLED 4K 75 inch Samsung QA75QN85A được thiết kế tinh tế với màn hình tràn viền 4 cạnh độc đáo, người dùng có thể trải nghiệm một tuyệt tác tivi với những nội dung xem vô cùng hoàn hảo.

Tivi Samsung 75 inch với thiết kế màn hình tràn viền 75 inch cùng chân đế vững chắc, giúp tạo điểm nhấn cho các không gian nội thất nhà bạn như: Phòng khách, phòng ngủ lớn, phòng họp,...'),
	(91, 'Samsung Smart TV QLED QA85Q60B', 4, 1, 9, 48900000, '-Smart Tivi QLED 4K 85 inch Samsung QA85Q60B sở hữu thiết kế thanh lịch, tinh tế dễ dàng hòa nhập với mọi không gian trưng bày. Bên cạnh đó, tivi được trang bị các công nghệ xử lý hình ảnh, âm thanh mang đến trải nghiệm nghe nhìn hoàn hảo cho bạn.'),
	(92, 'Samsung Smart TV QLED QA85QN85A', 4, 1, 12, 124900000, '-Smart Tivi Neo QLED 4K 85 inch Samsung QA85QN85A có vẻ ngoài tinh tế với màn hình tràn viền 4 cạnh độc đáo, bạn có thể trải nghiệm một tuyệt tác tivi với hình ảnh rộng mở gần như không bị giới hạn bởi viền đen như truyền thống. Chân đế kim loại hình chữ L chắc chắn giúp tivi trụ vững trên mọi mặt phẳng.'),
	(93, 'TCL Android TV L43S5200', 4, 1, 18, 7999000, '-Android Tivi TCL 43 inch L43S5200 có thiết kế hiện đại, gọn gàng, khung viền được làm mỏng cho màn hình phủ trọn tầm nhìn của bạn, mang đến trải nghiệm tuyệt vời, không bị giới hạn.

Tivi TCL 43 inch có chân đến chữ V úp ngược bằng kim loại bền bỉ, đứng vững trên mặt bàn, kệ, không sợ bị nghiêng, đổ khi lắp đặt trong không gian phòng ngủ, phòng khách hay phòng hội nghị.'),
	(94, 'Casper Android TV 32HG5200', 4, 0, 10, 5990000, '-Smart Tivi Casper 32 inch 32HG5200 được thiết kế với vóc dáng vô cùng đơn giản, viền tivi mỏng 0,8 mm kết hợp với chân đế hình chữ V úp ngược mang lại tổng thể chiếc tivi trở nên sang trọng.
Tivi Casper 32 inch phù hợp trưng bày ở những nơi có không gian nhỏ như: Phòng ngủ, phòng khách nhỏ,...'),
	(95, 'Sony Google TV KD-55X80K', 4, 0, 22, 17900000, '-Google Tivi Sony 4K 55 inch KD-55X80K cho chất lượng hình ảnh sắc nét, độ bão hòa cao, hình ảnh mượt mà, hạn chế nhòe hình nhờ công nghệ nâng cấp chuẩn hình ảnh 4K X-Reality PRO. Công nghệ loa bất đối xứng X-Balanced cho chất lượng âm thanh cao dù thiết kế tivi mỏng.'),
	(96, 'Sony Google TV KD-43X75K', 4, 0, 14, 11400000, '-Google Tivi Sony 4K 43 inch KD-43X75K được trang bị đa dạng các công nghệ xử lý hình ảnh, âm thanh hiện đại, cùng với các tính năng thông minh tiên tiến, tivi Sony cho bạn có những trải nghiệm tuyệt vời trên chiếc tivi này.'),
	(97, 'Robot hút bụi lau nhà Ecovacs Deebot T20 Omni DLX23', 5, 0, 15, 29900000, '-Thiết kế hiện đại, màu sắc trang nhã, di chuyển khéo léo giúp làm sạch hiệu quả.
	-Vừa hút bụi vừa lau nhà.
	-Công suất 45W, lực hút lên đến 6000 Pa, hút bụi hiệu quả.
	-Dung tích hộp chứa bụi 300 ml, dễ dàng tháo lắp và vệ sinh,
	-Thời gian sạc khoảng 6.5 giờ với dung lượng pin khoảng 5200 mAh cho thời gian sử dụng khoảng 260 phút.
	-Cảm biến chống rơi, chống va chạm.
	-Trạm sạc có khả năng đổ bụi, giặt và sấy khô giẻ lau hiệu quả.
	-Tự nhận diện thảm, nâng giẻ và tăng lực hút trên thảm.
	-Khử khuẩn bằng ion bạc lên đến 99.99% cùng bộ lọc HEPA E11 tích hợp trên robot giúp mang lại bầu không khí trong lành.
	-Lưu được 3 bản đồ với khả năng thiết lập bản đồ TrueMapping 2.0 chỉ trong vòng 6 phút.
	-Công nghệ TrueDetect 3D giúp phát hiện vật thể ngay cả trong môi trường thiếu sáng, từ đó tối ưu hóa quá trình làm sạch hiệu quả hơn.
	-Điều khiển từ xa thông qua ứng dụng Ecovacs Home tiện lợi.
	-Thương hiệu Ecovacs - Trung Quốc, sản xuất tại Trung Quốc.'),
	(99, 'Robot hút bụi lau nhà Samsung VR05R5050WK/SV', 5, 1, 17, 7890000, '-Thiết bị hút bụi và lau sàn 2 trong 1, làm sạch nhà cửa tiện lợi, tiết kiệm công sức
Robot hút bụi loại bỏ bụi bẩn dễ dàng còn có thể tự động bật chổi lau, điều chỉnh lượng nước với hộp chứa nước thông minh, lau sàn thuận tiện. '),
	(100, 'Robot hút bụi lau nhà Xiaomi Vacuum S10', 5, 1, 19, 8490000, '-Robot hút bụi lau nhà Xiaomi Vacuum S10 thiết kế gọn, nhẹ với nhiều tính năng hiện đại: vừa hút bụi vừa lau nhà, công suất hút mạnh mẽ lên đến 4000 Pa giúp loại bỏ bụi bẩn và cặn bã hiệu quả.'),
	(101, 'Robot hút bụi lau nhà Xiaomi Vacuum E10', 5, 1, 20, 6490000, '-Robot hút bụi lau nhà Xiaomi Vacuum E10 thiết kế gọn, nhẹ với nhiều tính năng hiện đại: vừa hút bụi vừa lau nhà, công suất hút mạnh mẽ lên đến 4000 Pa giúp loại bỏ bụi bẩn và cặn bã hiệu quả.'),
	(102, 'Robot hút bụi lau nhà Shimono RS38B', 5, 1, 14, 7990000, '-Robot hút bụi Shimono thiết kế nhỏ gọn, đẹp mắt, hoạt động thông minh
Robot hút bụi độ dày chỉ 7.3 cm cho phép làm sạch các vị trí thấp như gầm tủ, kệ, bàn hay ghế sofa,... Thích hợp sử dụng trong văn phòng làm việc, chung cư, sảnh nhà hàng, khách sạn,…'),
	(103, 'Robot hút bụi lau nhà Dreame L10 Ultra', 5, 1, 18, 24990000, 'Thiết kế nhỏ gọn, màu trắng tinh tế, di chuyển khéo léo giúp làm sạch hiệu quả.
	-Vừa hút bụi, vừa lau nhà tiện dụng.
	-Chu trình làm sạch chuyên sâu với hút, lau, giặt và sấy khăn lau, tự loại bỏ bụi bẩn vào túi đựng với trạm sạc vô cùng tiện lợi.
	-Tăng cường các cảm biến laser, nâng cấp hệ thống dẫn đường, giúp tránh vật cản hiệu quả và chính xác.
	-Tối ưu việc di chuyển, tránh mắc kẹt và lạc đường.
	-Lưu được 3 bản đồ thuận tiện khi dọn dẹp.
	-Thời gian sạc khoảng 6 giờ, dùng khoảng 150 phút.
	-Công suất 75W, lực hút lên đến 5300 Pa làm sạch mạnh mẽ.
	-Dung tích hộp chứa bụi 350 ml.
	-Tự làm sạch hộp bụi, đổ bụi, giặt, sấy khô khăn lau.
	-Thương hiệu Dreame - Trung Quốc, sản xuất tại Trung Quốc.'),
	(104, 'Robot hút bụi lau nhà Midea M7 Pro', 5, 1, 27, 10990000, '-Robot hút bụi lau nhà Midea M7 Pro thiết kế gọn, nhẹ, công suất 55W làm sạch hiệu quả với lực hút 4000 Pa, bộ lọc HEPA giúp loại bỏ bụi bẩn và cặn bã hiệu quả, điều khiển từ xa thông qua ứng dụng trên điện thoại, cảm biến chống rơi, chống va chạm giúp robot làm sạch hiệu quả hơn, cơ chế lau rung hiện đại giúp robot làm sạch nhanh hơn.'),
	(105, 'Robot hút bụi Samsung VR30T85513W/SV', 5, 1, 13, 19990000, '-Lực hút mạnh mẽ 4200 Pa với động cơ Digital inverter, tối ưu luồng khí hút bằng cánh quạt siêu âm
Bên cạnh đó, robot hút bụi Samsung còn có tích hợp chức năng thông minh Power Control giúp nhận diện bề mặt và lượng bụi, tự động điều chỉnh công suất hút phù hợp để làm sạch hiệu quả hơn'),
	(108, 'Robot hút bụi lau nhà Ecovacs Deebot T9 AIVI Plus', 5, 1, 19, 15900000, '-Robot hút bụi lau nhà Ecovacs Deebot T9 AIVI Plus thiết kế gọn, nhẹ, công suất hoạt động 50W làm sạch hiệu quả với lực hút 3000 Pa, bộ lọc HEPA giúp loại bỏ bụi bẩn và cặn bã hiệu quả, điều khiển từ xa thông qua ứng dụng trên điện thoại, cảm biến chống rơi, chống va chạm giúp robot làm sạch hiệu quả hơn.'),
	(109, 'Robot hút bụi lau nhà Ecovacs Deebot N10 DBX41', 5, 1, 20, 11900000, '-Robot hút bụi lau nhà Ecovacs Deebot N10 DBX41​ vừa hút bụi vừa lau sàn dễ dàng, sử dụng được đến 330 phút sau khi sạc đầy pin, lực hút 4300 Pa, hỗ trợ công nghệ quét laser với camera tạo bản đồ TrueMapping với độ chính xác cao, có nhiều chế độ hút thông minh giúp dọn dẹp nhà cửa hiệu quả, điều khiển qua ứng dụng Ecovacs Home.'),
	(111, 'Robot hút bụi lau nhà Tefal RG7447WH', 5, 1, 28, 10350000, '-Robot hút bụi thiết kế hiện đại, sử dụng vừa hút bụi vừa lau nhà hiệu quả.
	-Tạo lực hút mạnh mẽ với công suất lên đến 2300 Pa.
	-Hộp chứa bụi dung tích 440 ml, hộp chứa nước 110 ml, làm sạch nhà cửa tiện lợi. 
	-Sử dụng liên tục trong 90 phút, sạc đầy pin trong khoảng 4 giờ.
	-Hệ thống cảm biến thông minh nhận biết vật cản trên đường. 
	-Có 3 chế độ hoạt động tùy chọn theo nhu cầu.
	-Điều khiển qua kết nối trên điện thoại thông minh linh hoạt.
	-Thương hiệu Tefal - Pháp, sản xuất tại Trung Quốc.'),
	(112, 'Robot hút bụi lau nhà Dreame D9 MAX', 5, 1, 29, 9990000, '-Thiết kế nhỏ gọn, màu đen tinh tế, di chuyển khéo léo giúp làm sạch hiệu quả.
	-Vừa hút bụi, vừa lau nhà tiện dụng.
	-Tăng cường các cảm biến, nâng cấp hệ thống dẫn đường, giúp tránh vật cản hiệu quả và chính xác.
	-Tối ưu việc di chuyển, tránh mắc kẹt và lạc đường.
	-Lưu được 3 bản đồ thuận tiện khi dọn dẹp.
	-Thời gian sạc khoảng 2 giờ, dùng khoảng 150 phút.
	-Công suất 40W, lực hút lên đến 4000 Pa làm sạch mạnh mẽ.
	-Dung tích hộp chứa bụi 570 ml, dung tích hộp chứa nước là 270 ml.
	-Thương hiệu Dreame - Trung Quốc, sản xuất tại Trung Quốc.'),
	(113, 'Robot hút bụi Kangaroo KGRB01 Trắng', 5, 1, 17, 8290000, '-Robot hút bụi Kangaroo KGRB01 có chiều cao chỉ 97 mm dễ dàng trong việc di chuyển vào các vị trí nhỏ hẹp như gầm giường, gầm bàn ghế,... Hộp chứa bụi dung tích 0.35 lít có thể tháo rời, đổ bụi và làm sạch tiện lợi.'),
	(114, 'Robot hút bụi lau nhà Midea M6', 5, 1, 18, 7191000, '-Robot hút bụi lau nhà Midea M6 thiết kế gọn, nhẹ, công suất 40W làm sạch hiệu quả với lực hút 2000 Pa, bộ lọc HEPA giúp loại bỏ bụi bẩn và cặn bã hiệu quả, điều khiển từ xa thông qua ứng dụng trên điện thoại, cảm biến chống rơi, chống va chạm giúp robot làm sạch hiệu quả hơn.'),
	(115, 'Robot hút bụi lau nhà Ecovacs Deebot T9', 5, 1, 29, 14990000, '-Robot hút bụi lau nhà Ecovacs Deebot T9 Plus có thể phát hiện và tránh va chạm các vật cản có hình dạng khác nhau, trạm sạc kết hợp gom bụi tự động giúp bạn tiết kiệm thời gian phải đổ bụi nhiều lần. Lực hút mạnh, dung tích chứa bụi lớn giúp dọn dẹp hiệu quả hơn.'),
	(116, 'Robot hút bụi lau nhà Dreame D10 Plus', 5, 0, 17, 12990000, '-Thiết kế nhỏ gọn, màu sắc tinh tế, di chuyển khéo léo giúp làm sạch hiệu quả.
	-Vừa hút bụi, vừa lau nhà tiện dụng.
	-Tăng cường các cảm biến, nâng cấp hệ thống dẫn đường, giúp tránh vật cản hiệu quả và chính xác.
	-Tối ưu việc di chuyển, tránh mắc kẹt và lạc đường.
	-Lưu được 3 bản đồ thuận tiện khi dọn dẹp.
	-Thời gian sạc khoảng 6 giờ, dùng khoảng 180 phút.
	-Công suất 46W, lực hút lên đến 4000 Pa làm sạch mạnh mẽ.
	-Dung tích hộp chứa bụi 400 ml, dung tích hộp chứa nước là 135 ml.
	-Thương hiệu Dreame - Trung Quốc, sản xuất tại Trung Quốc.'),
	(117, 'Robot hút bụi lau nhà Uwant U200', 5, 1, 9, 21900000, '-Robot hút bụi thiết kế hiện đại, vừa hút bụi vừa lau nhà thuận tiện. 
	-Hoạt động thông minh tự động giặt, hút bụi, tự sấy nóng, tự sạc, tự quay về trạm sạc sau khi vệ sinh. 
	-Có cảm biến chống rơi chống va chạm kéo dài tuổi thọ cho thiết bị. 
	-Thời gian sạc khoảng 4 giờ, sử dụng liên tục trong 3 giờ.
	-Công suất 50W, lực hút lên đến 5000 Pa giúp hút bụi nhanh chóng. 
	-Dung tích hộp chứa bụi 350 ml, làm sạch hiệu quả. 
	-Thương hiệu Uwant - Trung Quốc, sản xuất tại Trung Quốc.'),
	(118, 'Robot hút bụi lau nhà Lydsto G1', 5, 1, 9, 4990000, '-Thiết kế gọn, màu sắc trang nhã, di chuyển linh hoạt mọi vị trí.
	-Có chức năng hút bụi và lau nhà trên cùng một sản phẩm tiện lợi.
	-Thời gian sử dụng khoảng 120 phút, thời gian sạc tầm 5 - 6 giờ.
	-Dung tích chứa bụi 250 ml, dung tích chứa nước 300 ml.
	-Hút được nhiều loại bụi bẩn với lực hút 3300 Pa mạnh mẽ.
	-Trang bị nhiều cảm biến xung quanh hỗ trợ robot di chuyển linh hoạt trên các địa hình phức tạp.
	-Điều khiển từ xa qua ứng dụng tiện lợi.
	-Thương hiệu Lydsto - Trung Quốc, sản xuất tại Trung Quốc.
'),
	(119, 'Robot hút bụi lau nhà Dreame F9', 5, 1, 14, 6990000, '-Robot hút bụi Dreame F9 thiết kế gọn, nhẹ với nhiều tính năng hiện đại: vừa hút bụi vừa lau nhà, điều khiển từ xa thông qua ứng dụng Mi Home, cảm biến chống rơi, chống va chạm cùng công suất hút mạnh mẽ lên đến 2500 Pa giúp loại bỏ bụi bẩn và cặn bã hiệu quả.'),
	(121, 'Robot hút bụi lau nhà Ecovacs Deebot T8 Max Plus', 5, 1, 20, 11900000, '-Robot hút bụi lau nhà Ecovacs Deebot T8 Max Plus thiết kế gọn, nhẹ với nhiều tính năng hiện đại: vừa hút bụi vừa lau nhà, công suất hút mạnh mẽ 1500 Pa giúp loại bỏ bụi bẩn và cặn bã hiệu quả.');


/////////////////////////////////

INSERT INTO category (id,active, name) VALUES
	(1,1, 'Tủ lạnh'),
	(2,1, 'Máy lạnh'),
	(3, 1,'Máy giặt'),
	(4, 1,'Tivi'),
	(5, 1,'Robot hút bụi'),
	(6, 0,'Loa'),
	(7, 0,'Quạt điều hòa'),
	(8, 0,'Máy rửa chén'),
	(9, 0,'Tủ đông'),
	(10, 0,'Máy nước nóng'),
	(11, 0,'Tủ mát');




/////////////////////////////////
image

INSERT INTO image (id,url_image,product_id) VALUES
	(1, 'https://cdn.tgdd.vn/Products/Images/1943/202857/toshiba-gr-b22vu-ukg-1-2-org.jpg', 1), 
	(2, 'https://cdn.tgdd.vn/Products/Images/1943/220325/samsung-rt22m4032by-sv-300x300.jpg', 2),
	(3, 'https://cdn.tgdd.vn/Products/Images/1943/273360/lg-inverter-315-lit-gn-m312bl-1.-600x600.jpg', 3),
	(4, 'https://cdn.tgdd.vn/Products/Images/1943/237927/sharp-sj-fx600v-sl-600x600.jpg', 4),
	(5, 'https://cdn.tgdd.vn/Products/Images/1943/258351/lg-inverter-394-lit-gn-d392bla-1-600x600.jpg', 5),
	(6, 'https://cdn.tgdd.vn/Products/Images/1943/236996/samsung-rf48a4010m9-sv-300x300.jpg', 6),
	(7, 'https://cdn.tgdd.vn/Products/Images/1943/201134/samsung-rs62r5001b4-sv-19-300x300.jpg', 7),
	(8, 'https://cdn.tgdd.vn/Products/Images/1943/209331/panasonic-nr-bv280qsvn-19-200x200_result1.-600x600.jpg', 8),
	(9, 'https://cdn.tgdd.vn/Products/Images/1943/201135/samsung-rs62r5001m9-sv-9-300x300.jpg', 9),
	(10, 'https://cdn.tgdd.vn/Products/Images/1943/284312/tu-lanh-lg-inverter-266-lit-gv-b262wb50-600x600.jpg', 10),
	(11, 'https://cdn.tgdd.vn/Products/Images/1943/294558/tu-lanh-lg-gv-b212wb-1-600x600.jpg', 11),
	(12, 'https://cdn.tgdd.vn/Products/Images/1943/236999/samsung-rf48a4000b4-sv-1.-600x600.jpg', 12),
	(13, 'https://cdn.tgdd.vn/Products/Images/1943/226358/samsung-rt32k5932by-sv-300x300.jpg', 13),
	(14, 'https://cdn.tgdd.vn/Products/Images/1943/230195/panasonic-nr-ba190ppvn-300x300.jpg', 14),
	(15, 'https://cdn.tgdd.vn/Products/Images/1943/240188/samsung-inverter-307-lit-rb30n4190by-sv-1.-600x600.jpg', 15),
	(16, 'https://cdn.tgdd.vn/Products/Images/1943/304189/tu-lanh-aqua-aqr-t220fa-fb-5-600x600.jpg', 16),
	(17, 'https://cdn.tgdd.vn/Products/Images/1943/228369/toshiba-gr-rf610we-pgv-22-xk-ava-300x300.jpg', 17),
	(18, 'https://cdn.tgdd.vn/Products/Images/1943/220332/samsung-rt29k5532by-sv-1-300x300.jpg', 18),
	(19, 'https://cdn.tgdd.vn/Products/Images/1943/225382/toshiba-gr-a28vm-ukg1-300x300.jpg', 19),
	(20, 'https://cdn.tgdd.vn/Products/Images/1943/223212/aqua-aqr-d99fa-bs-230822-050955-600x600.jpg', 20),
	(21, 'https://cdn.tgdd.vn/Products/Images/2002/220272/gree-gwc07pa-k3d0p4-550x160.jpg', 25),
	(22, 'https://cdn.tgdd.vn/Products/Images/2002/235744/nagakawa-nis-c09r2h10-11-550x160.jpg', 26),
	(23, 'https://cdn.tgdd.vn/Products/Images/2002/217466/midea-msafa-10crdn8-2-550x160.jpg', 30),
	(24, 'https://cdn.tgdd.vn/Products/Images/2002/272060/funiki-1-hp-hic09tmust3-1.-550x160.jpg', 31),
	(25, 'https://cdn.tgdd.vn/Products/Images/2002/220287/gree-gwc09pb-k3d0p4-550x160.jpg', 34),
	(26, 'https://cdn.tgdd.vn/Products/Images/2002/235585/samsung-ar09tyhqasinsv-550x160.jpg', 35),
	(27, 'https://cdn.tgdd.vn/Products/Images/2002/302745/casper-tc-09is35-1-550x160.jpg', 36),
	(28, 'https://cdn.tgdd.vn/Products/Images/2002/303863/may-lanh-daikin-inverter-1-hp-atkf25xvmv-280323-015947-550x160.jpg', 37),
	(29, 'https://cdn.tgdd.vn/Products/Images/2002/268972/casper-ic-09tl32-1.-550x160.jpg', 38),
	(30, 'https://cdn.tgdd.vn/Products/Images/2002/303871/may-lanh-panasonic-inverter-1-hp-cu-cs-pu9zkh-8-1-550x160.jpg', 39),
	(31, 'https://cdn.tgdd.vn/Products/Images/2002/303858/may-lanh-aqua-inverter-1-hp-1-550x160.jpg', 40),
	(32, 'https://cdn.tgdd.vn/Products/Images/2002/300076/may-lanh-lg-inverter-10-hp-v10win-550x160.jpg', 41),
	(33, 'https://cdn.tgdd.vn/Products/Images/2002/267687/toshiba-1-hp-inverter-ras-h10c4kcvg-v-050423-024638-550x160.jpg', 42),
	(34, 'https://cdn.tgdd.vn/Products/Images/2002/303872/may-lanh-panasonic-inverter-15-hp-cu-cs-pu12zkh-8-1-550x160.jpg', 43),
	(35, 'https://cdn.tgdd.vn/Products/Images/2002/268973/casper-ic-12tl32-1.-550x160.jpg', 45),
	(36, 'https://cdn.tgdd.vn/Products/Images/2002/303864/may-lanh-daikin-inverter-15-hp-atkf35xvmv-280323-020331-550x160.jpg', 46),
	(37, 'https://cdn.tgdd.vn/Products/Images/2002/271496/daikin-inverter-1-hp-ftkb25wmvmv31-550x160.jpg', 49),
	(38, 'https://cdn.tgdd.vn/Products/Images/2002/306715/may-lanh-aqua-inverter-1-hp-aqa-rv9qc-550x160.jpg', 50),
	(39, 'https://cdn.tgdd.vn/Products/Images/2002/302173/may-lanh-sharp-inverter-1-hp-ah-x10zew-1-550x160.jpg', 53),
	(40, 'https://cdn.tgdd.vn/Products/Images/1944/239156/toshiba-7-kg-aw-l805av-sg--600x600.jpg', 55),
	(41, 'https://cdn.tgdd.vn/Products/Images/1944/226390/samsung-wa10t5260by-sv-11-300x300.jpg', 56),
	(42, 'https://cdn.tgdd.vn/Products/Images/1944/236160/samsung-inverter-10kg-ww10ta046ae-sv-281221-062735-600x600.jpg', 57),
	(43, 'https://cdn.tgdd.vn/Products/Images/1944/277422/aqua-inverter-9-kg-aqd-a902g-s-220822-023327-600x600.jpg', 58),
	(44, 'https://cdn.tgdd.vn/Products/Images/1944/230079/may-giat-lg-inverter-115-kg-t2351vsab-150222-101158-600x600.jpg', 59),
	(45, 'https://cdn.tgdd.vn/Products/Images/1944/242734/aqua-10-kg-aqw-f100gtbk-300x300.jpg', 60),
	(46, 'https://cdn.tgdd.vn/Products/Images/1944/248783/may-giat-aqua-8-kg-aqw-ks80gt-s-201021-093359-600x600.jpg', 61),
	(47, 'https://cdn.tgdd.vn/Products/Images/1944/227121/may-giat-lg-inverter-85-kg-fv1408s4w-8-300x300.jpg', 62),
	(48, 'https://cdn.tgdd.vn/Products/Images/1944/236508/samsung-10kg-ww10tp44dsb-sv-301122-103815-600x600.jpg', 63),
	(49, 'https://cdn.tgdd.vn/Products/Images/1944/273319/casper-inverter-95-kg-wf-95i140bwc-1.-600x600.jpg', 64),
	(50, 'https://cdn.tgdd.vn/Products/Images/1944/219240/toshiba-aw-k1005fv-sg-300x300.jpg', 65),
	(51, 'https://cdn.tgdd.vn/Products/Images/1944/273318/casper-inverter-105-kg-wf-105i140bwc-1.-600x600.jpg', 68),
	(52, 'https://cdn.tgdd.vn/Products/Images/1944/302754/may-giat-samsung-9-5kg-wa95cg4545bdsv-240223-012402-600x600.jpg', 69),
	(53, 'https://cdn.tgdd.vn/Products/Images/1944/238042/aqua-aqd-a900f-s-300x300.jpg', 70),
	(54, 'https://cdn.tgdd.vn/Products/Images/1944/236158/samsung-9kg-ww90tp44dsb-sv-301122-104033-600x600.jpg', 71),
	(55, 'https://cdn.tgdd.vn/Products/Images/1944/236120/samsung-ww10tp44dsh-sv-301122-103849-600x600.jpg', 72),
	(56, 'https://cdn.tgdd.vn/Products/Images/1944/236124/samsung-ai-ww10t634dlx-sv-051222-105001-600x600.jpg', 73),
	(57, 'https://cdn.tgdd.vn/Products/Images/1944/284114/may-giat-aqua-9-kg-aqw-s90ct-s-600x600.jpg', 74),
	(58, 'https://cdn.tgdd.vn/Products/Images/1942/235792/led-4k-samsung-ua55au8100-221122-040640-550x340.jpg', 75),
	(59, 'https://cdn.tgdd.vn/Products/Images/1942/278546/product-278546-240223-030059-550x340.jpg', 76),
	(60, 'https://cdn.tgdd.vn/Products/Images/1942/274763/android-sony-4k-43-inch-kd-43x80k-180322-024040-550x340.png', 77),
	(61, 'https://cdn.tgdd.vn/Products/Images/1942/220573/tcl-l32s66a-avatar-1-550x340.jpeg', 78),
	(62, 'https://cdn.tgdd.vn/Products/Images/1942/234997/casper-43fx6200-1-550x340.jpg', 79),
	(63, 'https://cdn.tgdd.vn/Products/Images/1942/235794/led-4k-samsung-ua65au8100-221122-040829-550x340.jpg', 80),
	(64, 'https://cdn.tgdd.vn/Products/Images/1942/281936/google-tcl-4k-55-inch-55p635-270522-021039-550x340.jpg', 81),
	(65, 'https://cdn.tgdd.vn/Products/Images/1942/235789/led-4k-samsung-ua43au8100-221122-040443-550x340.jpg', 82),
	(66, 'https://cdn.tgdd.vn/Products/Images/1942/235642/qled-4k-samsung-qa55q65a-221122-040010-550x340.jpg', 83),
	(67, 'https://cdn.tgdd.vn/Products/Images/1942/276068/google-tcl-4k-43-inch-43q636-170922-110437-550x340.jpg', 84),
	(68, 'https://cdn.tgdd.vn/Products/Images/1942/276069/google-tcl-4k-50-inch-50q636-090523-104719-550x340.jpg', 85),
	(69, 'https://cdn.tgdd.vn/Products/Images/1942/297321/google-tivi-toshiba-4k-55-inch-55c350lp-10-550x340.jpg', 87),
	(70, 'https://cdn.tgdd.vn/Products/Images/1942/298393/smart-tivi-oled-samsung-4k-55-inch-qa55s95b-9-550x340.jpg', 88),
	(71, 'https://cdn.tgdd.vn/Products/Images/1942/235631/neoqn85a-550x340.jpg', 89),
	(72, 'https://cdn.tgdd.vn/Products/Images/1942/273921/smart-qled-4k-85-inch-samsung-qa85q60b-040322-095733-550x340.jpg', 91),
	(73, 'https://cdn.tgdd.vn/Products/Images/1942/235632/neoqn85a-550x340.jpg', 92),
	(74, 'https://cdn.tgdd.vn/Products/Images/1942/238554/led-tcl-l43s5200-231122-112515-550x340.jpg', 93),
	(75, 'https://cdn.tgdd.vn/Products/Images/1942/236941/led-casper-32hg5200-231122-110415-550x340.jpg', 94),
	(76, 'https://cdn.tgdd.vn/Products/Images/1942/274761/android-sony-4k-55-inch-kd-55x80k-180322-022717-550x340.png', 95),
	(77, 'https://cdn.tgdd.vn/Products/Images/1942/275517/google-sony-4k-43-inch-kd-43x75k-141022-100813-550x340.jpg', 96),
	(78, 'https://cdn.tgdd.vn/Products/Images/10139/306067/robot-hut-bui-lau-nha-ecovacs-deebot-t20-omni-dlx23-060523-094830-600x600.jpg', 97),
	(79, 'https://cdn.tgdd.vn/Products/Images/10139/264374/samsung-vr05r5050wk-sv-100423-014048-600x600.jpg', 99),
	(80, 'https://cdn.tgdd.vn/Products/Images/10139/303820/robot-hut-bui-lau-nha-xiaomi-vacuum-s10-130323-042509-600x600.jpg', 100),
	(81, 'https://cdn.tgdd.vn/Products/Images/10139/303821/robot-hut-bui-lau-nha-xiaomi-vacuum-e10-130323-050133-600x600.jpg', 101),
	(82, 'https://cdn.tgdd.vn/Products/Images/10139/236341/robot-hut-bui-shimono-rs38b-010922-112728-600x600.jpg', 102),
	(83, 'https://cdn.tgdd.vn/Products/Images/10139/302345/dreame-l10-ultra-0-600x600.jpg', 103),
	(84, 'https://cdn.tgdd.vn/Products/Images/10139/287383/midea-m7-pro-140922-031153-600x600.jpg', 104),
	(85, 'https://cdn.tgdd.vn/Products/Images/10139/264373/264373-1-600x600.jpg', 105),
	(86, 'https://cdn.tgdd.vn/Products/Images/10139/302338/ecovacs-deebot-t9-aivi-plus-200223-022957-600x600.jpg', 108),
	(87, 'https://cdn.tgdd.vn/Products/Images/10139/303397/lau-nha-ecovacs-deebot-n10-dbx41-220323-015601-600x600.jpg', 109),
	(88, 'https://cdn.tgdd.vn/Products/Images/10139/292712/robot-hut-bui-tefal-rg7447wh-111022-105633-600x600.jpg', 111),
	(89, 'https://cdn.tgdd.vn/Products/Images/10139/302344/dreame-d9-max-150223-110236-600x600.jpg', 112),
	(90, 'https://cdn.tgdd.vn/Products/Images/10139/214026/robot-hut-bui-kangaroo-kgrb01-mau-trang-130423-103538-600x600.jpg', 113),
	(91, 'https://cdn.tgdd.vn/Products/Images/10139/287382/midea-m6-261222-114232-600x600.jpg', 114),
	(92, 'https://cdn.tgdd.vn/Products/Images/10139/302323/ecovacs-deebot-t9-200223-050522-600x600.jpg', 115),
	(93, 'https://cdn.tgdd.vn/Products/Images/10139/302351/dreame-d10-plus-150223-113651-600x600.jpg', 116),
	(94, 'https://cdn.tgdd.vn/Products/Images/10139/303256/robot-hut-bui-lau-nha-uwant-u200-070323-035142-600x600.jpg', 117),
	(95, 'https://cdn.tgdd.vn/Products/Images/10139/303258/robot-hut-bui-lau-nha-lydsto-g1-210323-050330-600x600.jpg', 118),
	(96, 'https://cdn.tgdd.vn/Products/Images/10139/278986/278986--600x600.jpg', 119),
	(97, 'https://cdn.tgdd.vn/Products/Images/10139/302336/ecovacs-deebot-t8-max-plus-200223-112053-600x600.jpg', 121) ;
